endpoint,endpoint-url,parameters,plugin,entry-date,start-date,end-date
1b70255ed4436e67e6c7a805c58eeaa1d941ce5cbb1a52ba3ce6dcd3d5ea6481,https://raw.githubusercontent.com/digital-land/infrastructure-funding-statement-collection/main/data/infrastructure-funding-statement.csv,,,2021-03-24,,
9fc9a0c3d92a57e3d189547b24b0f7520c452f237720e63059c980108fbab17a,http://www.fareham.gov.uk/PDF/planning/local_plan/FarehamBoroughCouncilInfrastructureFundingStatement19-20.pdf,,,2021-10-07,,
23eeccab8e571e5d4ccec6f1f91545e0e2b2308ebd9c9ad3f222a13ac25c69fc,https://api.warwickshire.gov.uk/documents/WCCC-822895865-711,,,2021-10-07,,
85f959c45c0f5ac6c96364247e3f4a848d1942d689fb8b88c3da16eefbd31c70,https://assets.ctfassets.net/knkzaf64jx5x/1Cs2QGhxfhitEJ14P9Ibi7/601a009d82acecc769b28a5a8d2e088c/Essex_County_Council_Infrastructure_Funding_Statement_19_20.pdf,,,2021-10-07,,
9ac8afc406ff1b0157e3ecbb3a1ea1bc1a9a0b6ab0b9049f3d52f96322d1915d,https://bbcdevwebfiles.blob.core.windows.net/webfiles/Planning%20and%20Building/Infrastructure-Funding-Statement-2019-2020.pdf,,,2021-10-07,,
2a10255f20b94dbbc6fc7185076630e8adca6fc2991b622296ecd5fb1879fdc7,https://beta.bathnes.gov.uk/sites/default/files/2020-12/infrastructure_funding_statement_2019_2020_0.pdf,,,2021-10-07,,
f2f6fb4557cdb2583139fccd0df2a5beca4f927006599e558a57f8a2051cb097,https://beta.lambeth.gov.uk/sites/default/files/2020-12/ifs2019-20.pdf,,,2021-10-07,,
de3f73c5491a46ff7a231b5408a8e015d056948f1598494c432874b1dcb1ecba,https://buckinghamshire.moderngov.co.uk/documents/s29523/Infrastructure%20Funding%20Statement%201%20April%202019%20to%2031%20March%202020.pdf,,,2021-10-07,,
eb62d80fe3552c8ab497d9333a032d2255aa6fba89e78d0d49fe7dd288ba546e,https://cbccrmdata.blob.core.windows.net/noteattachment/CBC-Fees--Infrastructure-Funding-Statement-2019/20-Infrastructure%20Funding%20Statement%202019-20.pdf,,,2021-10-07,,
485a6916b21b5b3a59d52f1dac70a772872da500bfc129b04f1e5e2f66d3df31,https://cdn.havant.gov.uk/public/documents/2015%20CIL%20Annual%20Monitoring%20.pdf,,,2021-10-07,2015-01-01,
185739feb057a64f4eb1d67d517fa0a4cd536bb8193443571cec9831fbb60e73,https://cdn.havant.gov.uk/public/documents/2016%20CIL%20Monitoring.pdf,,,2021-10-07,2016-01-01,
cb4bc1be224f755aebc55e8ab5caf6c6206b3282d3747ce9e0dba483eed455a8,https://cdn.havant.gov.uk/public/documents/2019%20CIL%20Monitoring.pdf,,,2021-10-07,2019-01-01,
6401ef6a1103b48fe5156eb2e84588f1d6fe545820aad851491e81b1fdc0eade,https://cdn.havant.gov.uk/public/documents/AMR%202018%20(CIL).pdf,,,2021-10-07,2018-01-01,
1091f2a5a25059d734d7babe775d4acba270a498bb060eee0b864b96cf6bc413,https://cdn.havant.gov.uk/public/documents/AMR%20CIL%202017%20(PP%20Format).pdf,,,2021-10-07,2017-01-01,
ac0a54dcf6f83b020b2e64871b4f649d80ea1e428c83f2ac12c4db1c323f76d1,https://chorley.gov.uk/media/827/IFS-The-S016-and-CIL-Report-2019-20/pdf/IFS_S106_and_CIL_annual_financial_report_2019-20.pdf?m=637441483523230000,,,2021-10-07,,
f49bcd82945daafe2dc864e8570b180525f03b31c6f864718ba0f31df3037c5a,https://crawley.gov.uk/sites/default/files/2020-12/Infrastructure_Funding_Statement_2019_2020.pdf,,,2021-10-07,,
18cd32c8a0a3769fd005819320145d71fda95f4ce7fec230494b2f4f55bbfaa7,https://dmbcwebstolive01.blob.core.windows.net/media/Default/Planning/Documents/Policy%20Monitoring/S106%20AMR/Section%20106%20Infrastructure%20Funding%20Statement%202019-20.pdf,,,2021-10-07,,
5294d56d342e4082b74078a6868c922f1f284cea763378e21a591104435d08e3,https://docs.google.com/document/d/1xKVBHruAUXJYiMt2_prUwj8T_RNDJWa4Yzh8I2mh5nE/edit?usp=sharing,,,2021-10-07,,
2dd1c2595389a98131448c120b18b07025a8620804a109361e2d29a395c5a50c,https://documents.hants.gov.uk/environment/Infrastructure-Funding-Statement-Dec2020.pdf,,,2021-10-07,2020-01-12,
a5bc74dc89c00066f2dd49bc92365c41d9e9db2e4ab682d244b030496b47e267,https://exeter.gov.uk/media/5428/201231-ecc-annual-infrastructure-funding-statement.pdf,,,2021-10-07,,
b9ec34155080f77755fd92c8f06880e34da09dbb5c345652f8d00d8377b6a9d9,https://lbhounslow.sharepoint.com/:b:/s/InternetLinks/pp/EVbUsOi8csJJsR_BstDeFoUB4LsV-urb-gGFsXo24ijXWg?e=qQG6YX&download=1,,,2021-10-07,,
6d2fc42b5852361681b95067dcc2f1946c82c525dac6e793f603f0226867d62e,https://lewisham.gov.uk/-/media/files/imported/ifs2019_2020.ashx,,,2021-10-07,,
b5e56c42088a0aa858db10997436f600cc23da67f5b82656bc7155ea40b83745,https://new.eastsussex.gov.uk/media/suac02s3/escc-infrastructure-funding-statement-2020-v2.pdf,,,2021-10-07,,
8b3df7682b35f27f5d7fba93fd719a8ae14115af805845d8360021ceaa432c79,https://new.enfield.gov.uk/services/planning/infrastructure-funding-statement-planning.pdf,,,2021-10-07,,
20263be3973e460fe07eb1f9d7f963dba8954cf8528954b647681ba01c39f5c7,https://present.brighton-hove.gov.uk/documents/s159762/CIL%20Infrastructure%20Funding%20Statement%20-%20201920%20APX.%20n%201.pdf,,,2021-10-07,,
9e78efe9572b0fbf1353518e9c75d3b0950b38e97dca3d9712fe3ec5fda169a0,https://storymaps.arcgis.com/stories/5034686b88b94143b89b0283e1b97acb,,,2021-10-07,,
16fa70abec2eb985141ed00f939de913c34bec572d6e7bf5bd87c76c6ae9c201,https://www-cloudfront.allerdale.gov.uk/media/filer_public/a2/36/a236a6f8-12e5-461a-9ffd-125c65952308/infrastructure_funding_statement_-_2019-2020.pdf,,,2021-10-07,,
c7aae9a61662dbba9fc3be863d155c8c6d330cf0bdbec56178e909d374954ee9,https://www.arun.gov.uk/download.cfm?doc=docm93jijm4n17947.pdf&ver=18637,,,2021-10-07,,
a8e55af7d5f986e08f4c6bf59c68f6cf6f123fa0ce03fba4ff0489a9bffde071,https://www.ashfield.gov.uk/media/hpnfmfef/infrastructure-funding-statement-2019-to-2020.pdf,,,2021-10-07,,
5ffd953359bbad7ebbe85c11a9b9314844508136defe451d172d7dbcc3786e43,https://www.ashford.gov.uk/media/ditjdikc/abc00360_section-106-infrastructure-doc_for-web.pdf,,,2021-10-07,,
ddb704aed13c92c3a34e558445694a4ea3c69690217ae7460432bc7b68696e93,https://www.barnet.gov.uk/sites/default/files/ifs_report_londonboroughofbarnet_01_04_2019_to_31_03_2020_edited_18_12_2020.pdf,,,2021-10-07,,
3ec74a1a816150fc81535e47e863b031f9c7bb982460683962a1253b7ece8bca,https://www.barnsley.gov.uk/media/16847/annual-infrastructure-funding-statement-2019-20.pdf,,,2021-10-07,,
a8e8dae7f2f31187e2d57531a9dd8feef4b64853736315c28125340e8b63b561,https://www.barrowbc.gov.uk/_resources/assets/attachment/full/0/8890.pdf,,,2021-10-07,,
d1945c77897a337acb45fd629d6b022f72f96315eb7646af3b23ca25f062eb68,https://www.basingstoke.gov.uk/content/page/65969/Infrastructure%20Funding%20Statement.pdf,,,2021-10-07,,
b72330ba4ddfde955692ac64d90f642cb4e928395570937659c04da8f64011c1,https://www.bassetlaw.gov.uk/planning-and-building/planning-services/community-infrastructure-levy/cil-annual-reports/cil-annual-report-201920/,,,2021-10-07,,
d8ac5f719211d3c9c14dc1f01719ee50fe06f057258656ba607612efc8a4a91e,https://www.bcpcouncil.gov.uk/Planning-and-building-control/Planning-policy/Monitoring-and-information/Infrastructure-Funding-Statement-2019-20.pdf,,,2021-10-07,,
ad1dbc2aae2501c6b31be2cc588e705667d34b7421b02fbba3047924b47b787a,https://www.bexley.gov.uk/sites/default/files/2020-12/Bexley_infrastructure_funding_statement_2019.pdf,,,2021-10-07,,
26ac42b2219b2e18f218c71534e08667d2a8b3bff4ff0beffb826142f55d0cc8,https://www.birmingham.gov.uk/download/downloads/id/10787/cil_annual_report_2017_to_2018.pdf,,,2021-10-07,2017-01-04,
37963fe5c0de959ec7705f1cff5df53c218970158133c42ef0f9256b9d1bc308,https://www.birmingham.gov.uk/download/downloads/id/14821/cil_annual_report_2018_to_2019.pdf,,,2021-10-07,2018-01-04,
8ae80058452da4ad26c8bf60c2d1611908e632d46a705a88402bc58500e6ca83,https://www.birmingham.gov.uk/download/downloads/id/5471/cil_annual_report_2015_and_2016.pdf,,,2021-10-07,2015-01-04,
58c70df2f0ff7080544a6ec5913d08d5f06dc6dcab5b37ca4170e7cf43a768b5,https://www.birmingham.gov.uk/download/downloads/id/9173/cil_annual_report_2016_to_2017.pdf,,,2021-10-07,2016-01-04,
fc062103c3ed7fa0b23efe9470b31b690cf0ad0d6b547d329c1617d55848fde8,https://www.blaby.gov.uk/media/4598/infrastructure-funding-statement-2019-20.pdf,,,2021-10-07,,
942c4cdd05ddb16467e2e5900dc7e0c6bc240cfc1a868d0db484bfc4a5868237,https://www.blackburn.gov.uk/sites/default/files/media/pdfs/UA-Infrastructure%20Funding%20Statement%20202021_0.pdf,,,2021-10-07,,
730a5f63ac8570d15159b2ca15b63e8c0e4ace05e0f3a411fb8a632c6928620c,https://www.blackpool.gov.uk/Residents/Planning-environment-and-community/Documents/Infrastructure-Funding-Statement-2019-2020.pdf,,,2021-10-07,,
0c979d628ff89fdb367c1d2d710899bdf3432b233089a4b754c8b7adecd3308d,https://www.bolsover.gov.uk/component/edocman/12931-annual-infrastructure-funding-statement-2019-20-summary-report/download?Itemid=0,,,2021-10-07,,
06ff3c98b372b5ef9c8372a336b6ab94be2929b7f68eecf92bd96eeef8cffc21,https://www.bracknell-forest.gov.uk/sites/default/files/documents/infrastructure-funding-statement-2019-20.pdf,,,2021-10-07,,
933b60dd98108d0b26e35a2fa7a78d6418742193485145f51bfd758619306f98,https://www.bradford.gov.uk/media/6150/infrastructure-funding-statement-2019-20.pdf,,,2021-10-07,,
68b3d073b2da18f66119933bc0251cb9d2d81409931a37afd5478182aa898a62,https://www.braintree.gov.uk/downloads/file/2964/infrastructure-funding-statement,,,2021-10-07,,
85d7fcc9d65b3657b76df05bf8d83ef99aeaeb0b85da70eeb2c797209a81b86f,https://www.breckland.gov.uk/media/17745/Breckland-s-Infrastructure-Funding-Statement-2020/pdf/Brecklands-Infrastructure-Funding-Statement-2020.pdf?m=637463101870270000,,,2021-10-07,,
e774618aed7d85f5d30a2a9aecc5ac2bca6bb47ed850c0bcb7a04f2409b47086,https://www.brent.gov.uk/media/16417549/brent-infrastructure-funding-statement-2019-20_final.pdf,,,2021-10-07,,
21fb89f2136f9b7a53427620b392a1d5258aadcc04e217086d99c658d1472459,https://www.bristol.gov.uk/documents/20182/4892850/2019-20+CIL+Report.pdf/f7fe6276-1a9a-3d38-03f0-89959d2a396d,,,2021-10-07,,
f91378c528ebfad8b46f39dc38dd7897235bfabf1673c850a84831a101fb3449,https://www.bristol.gov.uk/documents/20182/4892850/2019-20+Section+106+Report.pdf/d534fd99-8b81-ab77-c76c-d57cbfa31d0e,,,2021-10-07,,
f6c5c3d6f52637f214c1a6f16cbdf67273367379f8e4e24879a842e33a0b70d2,https://www.bromley.gov.uk/download/downloads/id/6668/bromley_infrastructure_funding_statement_201920.pdf,,,2021-10-07,,
46c6c7073a011c94f0bb87881b2f0288226590b3dac340e003cbe27a58f215eb,https://www.bromsgrove.gov.uk/media/6274343/bdc-ifs-2019-20-005-.pdf,,,2021-10-07,,
113b9edffbff4c225426f01549c94676405ccb769d7c3eabba04eb04e3382cd3,https://www.broxtowe.gov.uk/media/8266/broxtowe-infrastructure-funding-statement-2019-2020.pdf,,,2021-10-07,,
3dd5d93621d72791fd4ae11a79e0ba4e4c709280d4a00c4fa6b47b1e3ac01424,https://www.cambridge.gov.uk/media/9243/infrastructure-funding-statement.pdf,,,2021-10-07,,
c5ec7f3562f66376fc1bad9d90c9bbcdfdd902d0be3e939d5c65645b5b798b3d,https://www.cambridgeshire.gov.uk/asset-library/Infrastructure-Funding-Statement-2019-2020.pdf,,,2021-10-07,,
657ad06ae4155dead1e22f894b9537c6a64487de94964ea93a1a682dc3b8bf6a,https://www.cannockchasedc.gov.uk/sites/default/files/2019-20_infrastructure_funding_statement_final.pdf,,,2021-10-07,,
f695466a80ba2223e4c139e1aab46914b0bbbb4ff58098a81bc9a5798421a9d4,https://www.carlisle.gov.uk/Portals/24/Documents/Evidence_Base/IFS/Carlisle%20IFS%202019.20.pdf,,,2021-10-07,2021-01-11,
d50f30a3e6bfb23039cb7f95296e1e9d452b4255803a7198be158da892a08db1,https://www.chelmsford.gov.uk/_resources/assets/inline/full/0/5167190.pdf,,,2021-10-07,,
1cec396c0ea7a162dc7d3ab591112b2de0a370355d362bfeca481db9549dc673,https://www.chesterfield.gov.uk/media/1488974/infrastructure-funding-statement-2019-20.pdf,,,2021-10-07,,
eba1f944751ddbcd6423dba420446ef1c3fbfefde6b4b4fb9ff869f0970b56aa,https://www.chichester.gov.uk/media/34387/Infrastructure-Funding-Statement-2019-2020/doc/Infrastructure_Funding_Statement_2019-20.docx,,,2021-10-07,,
d201b2332296af8d004fe0e0df6eef6917475fb8f6276b73d8d9d690e2a6d852,https://www.corby.gov.uk/sites/default/files/Corby%20Infrastructure%20Funding%20Statement%20201920.pdf,,,2021-10-07,,
e06e1f4d1d3ff69e172baec08db9201e6d750ea50952bb35659e477e710a08d3,https://www.cornwall.gov.uk/media/f0ldmu12/infrastructure-funding-statement-2019-20.pdf,,,2021-10-07,,
8ff069ad6d65f8535407e5dfddc444c6f2479cd3dc1e542fca94be7a9d133ffb,https://www.cotswold.gov.uk/media/r5xlzfls/infrastructure-funding-statement-2019-20.pdf,,,2021-10-07,,
9fb16edabe4c548104ebb277d2f20ba23c905d185172695329ac4ddad5070c2f,https://www.coventry.gov.uk/download/downloads/id/34938/infrastructure_funding_statement_2020.pdf,,,2021-10-07,,
6ef659299311cfddcfa2e432df6128234bc46ee0af2d73baf9f0195ff34e1961,https://www.cravendc.gov.uk/media/10269/craven-district-council-infrastructure-funding-statement-2019-2020-accessible.pdf,,,2021-10-07,,
c41db71142cd059f2fe84d2a7cd989e58602580aefb6bdc37a416de5e834b37b,https://www.croydon.gov.uk/sites/default/files/2021-02/Infrastructure_Funding_Statement_2019-2020.pdf,,,2021-10-07,,
dc8ebf8a77ee9b07efb8894432dd2ac8ca907e04942d7e6ca51c59a9a8d8c3d8,https://www.dacorum.gov.uk/docs/default-source/strategic-planning/infrastructure-funding-statement-2019-2020.pdf?sfvrsn=620c039e_2,,,2021-10-07,,
f233f3ad3bdb95a56e59bf33ac200b3db6dd2587708cc0f00b8b534daf02c579,https://www.darlington.gov.uk/media/14417/darlington_ifs_2019_2020v1.pdf,,,2021-10-07,,
b7579e709a8af6b6a00d9ef396222b6e02a9fce3988a250a893c71b20eb12171,https://www.dartford.gov.uk/__data/assets/pdf_file/0010/1086715/Dartford-Infrastructure-Funding-Statement-2019-20.pdf,,,2021-10-07,,
ae81eab55e5c8eb77ffd6b5e87c25fdd1313e4b209e539ad2adbe800de9a1069,https://www.daventrydc.gov.uk/EasySiteWeb/GatewayLink.aspx?alId=51900,,,2021-10-07,,
78ed5b1dd217157f5b71b845d699fcbd221ed89f84f3ee3f9aeca6aab3bf9601,https://www.derby.gov.uk/media/derbycitycouncil/contentassets/documents/policiesandguidance/planning/infrastructure-funding-statement-2019-20.pdf,,,2021-10-07,,
91c53dd0e42d65f9512fd942861dd5a9620ea6ea2615038ae44440024e01fc36,https://www.derbyshire.gov.uk/site-elements/documents/pdf/environment/planning/section-106-annual-infrastructure-funding-statement-20192020.pdf,,,2021-10-07,,
8e62cd7f38d283f38905a9e26edec54dfa7d54c47677756bbf5ca5906f0f10a1,https://www.derbyshiredales.gov.uk/images/S/DDDC_IFS_December_2020_Final_Version_21Dec2020.pdf,,,2021-10-07,,
128f71b6690181ddeb3d80423220958032e8a454013f6eca86cd8a1e1af96a87,https://www.dorsetcouncil.gov.uk/documents/35024/301951/the+infrastructure+funding+statement+2019-20+Dorset+Council.pdf/57d12e95-dbc1-4f9a-1a23-5bf637a84c1f,,,2021-10-07,,
b9d398c98cf2cce84c2f862d42e6d7c13bb39cbdc80a0ab769a4e46f5491c27a,https://www.dorsetcouncil.gov.uk/documents/35024/301951/the+infrastructure+funding+statement+2019-20+Dorset+Council.pdf/57d12e95-dbc1-4f9a-1a23-5bf637a84c1f?version=1.0&t=1619395477958,,,2021-10-07,,
09adbeae5f95f03ad40048411fe319a529a40e89ff11ec3568e6c7c2efeda67b,https://www.dover.gov.uk/Planning/Planning-Policy-and-Regeneration/PDF/Final-IFS-2019-20-for-website.pdf,,,2021-10-07,,
31599aa681abc9e7e650a6a4ebea8d79afcd8b5e4315ead57851d65af8cdbae2,https://www.dudley.gov.uk/media/16877/dudley-infrastructure-funding-statement-2020-adopted.pdf,,,2021-10-07,,
dcaca4692ec864d13854b3a4399317f408cfd5e81ccb26d60e36bbb87ac84210,https://www.durham.gov.uk/media/34550/Durham-County-Council-Infrastructure-Funding-Statement-2019-2020/pdf/InfrastructureFundingStatement2019-2020.pdf?m=637443241617870000,,,2021-10-07,,
efbec49cd6aa91ae4338746665d61f049cd9d78ed0d1425561cc04ce8cb6126d,https://www.east-northamptonshire.gov.uk/download/downloads/id/12150/infrastructure_funding_statement.pdf,,,2021-10-07,,
700acf45617f0187bccd8e3e545ac543215ed3a6233910f9e42254722a0fd61c,https://www.eastcambs.gov.uk/sites/default/files/Infrastructure%20Funding%20Statement%202019-2020.pdf,,,2021-10-07,,
4c27580d9b906a063805c02577483dd9685187fe2758c927864382e7bd79eaa3,https://www.easthants.gov.uk/interim-infrastructure-funding-statement-december-2020-pdf-271-kb,,,2021-10-07,,
93d88ab92453ea582c3cfa2d88a62bb93940f85f278bd79bf03436334537b406,https://www.eastleigh.gov.uk/media/9286/infrastructure-funding-statement-2019-2020.pdf,,,2021-10-07,,
a3a7fa7e0ac14a4f580c480364af7b43fe7ada55951bb9bcd44669e26a56e447,https://www.eastriding.gov.uk/EasySiteWeb/GatewayLink.aspx?alId=792731,,,2021-10-07,,
6a1e6424b94d2043b8d1ee0267321fa882cfb7d64c50a9c8eb0c80c55c052e2a,https://www.eastsuffolk.gov.uk/assets/Planning/East-Suffolk-Infrastructure-Funding-Statement-2019-20.pdf,,,2021-10-07,,
aedf9268db8178b2cef662d896816d55a4244cb038f296a6a1994fb056b7199d,https://www.elmbridge.gov.uk/_resources/assets/attachment/full/0/7691.pdf,,,2021-10-07,,
14d67e2a893ae78bd76c457338d481e601559ca4eb073d72f124f140b6727ee8,https://www.eppingforestdc.gov.uk/wp-content/uploads/2020/12/EB1119.pdf,,,2021-10-07,,
ae6d743a53a0aec8da3108542d69e9b0110c625434dcd58799af9d90351ba8a2,"https://www.fenland.gov.uk/media/17444/Infrastructure-Funding-Statement-2019-20/pdf/Infrastructure_Funding_Statement_2019-20.pdf?m=637473389215200000#:~:text=The%20Infrastructure%20Funding%20Statement%20(IFS)%20is%20an%20annual%20report%20which,for%20a%20given%20financial%20year.",,,2021-10-07,,
7be0e72d40bcfede861b68a0bbbf9afd2d8ca59abaec4d0482726930047c7b6e,https://www.gateshead.gov.uk/media/23682/Gateshead-Infrastructure-Funding-Statement-2019-20/pdf/IFS_19-20_1.pdf?m=637438038442770000,,,2021-10-07,,
bf8f87e213f3362f64531ee47cfd3e469c8abd81e243d718eed871dfb607a8a0,https://www.gedling.gov.uk/media/gedlingboroughcouncil/documents/planningbuildingcontrol/Community%20Infrastructure%20Levy%20Non-%20Parish%20Funding%20%20Local%20Infrastructure%20Schedule%20Project%20Assessments%20and%20Proposed%20Funding.pdf,,,2021-10-07,,
da80a4183e4336ade649b6da864a669ea708cd913bb5f9a747852b81107570b8,https://www.gloucestershire.gov.uk/media/2103790/gcc-draft-infrastructure-funding-statement-2019_20-final.pdf,,,2021-10-07,,
48bed47dfeabe8f41022b742e21d4dcf72e0a2dd8f3b4da5fd54eabe98456c58,https://www.gravesham.gov.uk/__data/assets/pdf_file/0003/1096410/Infrastructure-Funding-Statement-2019-to-2020.pdf,,,2021-10-07,,
087ddd9f760a0484c52983764030316b4c33011ebc445fbdd9de3abad927be4a,https://www.guildford.gov.uk/media/32971/Infrastructure-Funding-Statement-2019-2020/pdf/Infrastructure_Funding_Statement_2019_-_2020.pdf?m=637515685734770000,,,2021-10-07,,
92db435ebc02b156c6ae78e29f21668202e5ccf3022f168428f2f59eabe8757a,https://www.hambleton.gov.uk/downloads/file/2136/infrastructure-funding-statement-2020,,,2021-10-07,,
4f595883eddf82780a8db4c77484c97ab9e7827fa380b541f09364708268df1c,https://www.harborough.gov.uk/download/downloads/id/6588/infrastructure_funding_statement_draft_v2_incl_publication_date.pdf,,,2021-10-07,,
3eef0f435a64ed77a3ff388c0a9c4a262480d8ae75829ee517cfe80f59ac3bd1,https://www.haringey.gov.uk/sites/haringeygovuk/files/infrastructure_funding_statement_ifs_2019-20_web.pdf,,,2021-10-07,,
92559043abb89507657437b99509e1f7de0fe1567cd0a452c867097b4154fb5e,https://www.harlow.gov.uk/sites/default/files/documents/Infrastructure%20funding%20statement%202019%20to%202020.PDF,,,2021-10-07,,
fb4e3fd74e18bde550761c1bac71a4b1302540a0b0034c54125d48fa047d664b,https://www.harrogate.gov.uk/downloads/file/3844/infrastructure-funding-statement-2019-20,,,2021-10-07,2020-01-12,
6f32d09743d6ac95993e2b3e104193acc385d427e56d4fe55818fac2a1c211c2,https://www.harrow.gov.uk/downloads/file/28473/ifs-2020-final.pdf,,,2021-10-07,,
7d5974dbdd3f844cac19ac06419921a7b5719704a1f934322e3dfeeda261a930,https://www.hart.gov.uk/sites/default/files/4_The_Council/Policies_and_published_documents/Planning_policy/IFS%202020%20Jan%2021%20Final.pdf,,,2021-10-07,,
373009278732adb2afaf5c26bdcfda06ef393c2bdafafb2d6de16465b28acd2f,https://www.hartlepool.gov.uk/download/downloads/id/6637/infrastructure_funding_statement_ifs_2019_-_2020.pdf,,,2021-10-07,,
abb78faac017ea2422968a6c3ec485dc7ad5d77f12a1ee6784933aa66d416b8d,https://www.hastings.gov.uk/content/planning/pdfs/AnnualInfrastructureFundingStatement,,,2021-10-07,,
912674d97ad4ed493c1aefafa0cd02fae719f3a9393f41063be845bb99e70c2d,https://www.havant.gov.uk/hbc-infrastructure-funding-statement-december-2020-pdf-955-kb,,,2021-10-07,2020-01-12,
951dad0777b3fa612d583b161f0fc280e7e162ac548413ef6dae6c2d21faa5d8,https://www.havant.gov.uk/s106-amr-2020-pdf-195-kb,,,2021-10-07,2020-01-01,
a6105ad23a0f68668486738b17d1fca9bdea3ac7e9e3b13823cd132698339b7a,https://www.havant.gov.uk/s106-annual-monitoring-report-2016-pdf-109-kb,,,2021-10-07,2016-01-01,
3e4ff0701f707f5c4a5ec096a38bbd643430752f074c743eaea5160e63b285d4,https://www.havant.gov.uk/s106-annual-monitoring-report-2017-pdf-137-kb,,,2021-10-07,2017-01-01,
d7f73ff4e465807fcb7befdf6a5bbda82cb7823e1c045b8f4c1c0dc7bd02fe46,https://www.havant.gov.uk/s106-annual-monitoring-report-2018-pdf-190-kb,,,2021-10-07,2018-01-01,
6b9124f44cc2da69e163864bc70de9b21685e96a3b283fdb8c9ee139843beb92,https://www.havant.gov.uk/s106-annual-monitoring-report-2019-pdf-196-kb,,,2021-10-07,2019-01-01,
9ed19484c06ba345405ca768adbbea2707159f31747896459f925f724962da0e,https://www.havering.gov.uk/download/downloads/id/4434/infrastructure_funding_statement_-_april_2019_to_march_2020.pdf,,,2021-10-07,,
981d606369932d95b797d8cfad81322c400eb46ead6cd844ef89e9e26ea622a1,https://www.herefordshire.gov.uk/downloads/file/21496/infrastructure-funding-statement-2019-20,,,2021-10-07,,
98a2638eb0b6bb87ec4a913cf56da239847cdf94840098fa1a627d85aebb675c,https://www.hertsmere.gov.uk/Documents/09-Planning--Building-Control/Planning-Policy/Infrastructure-and-delivery/Hertsmere-Borough-Council-Annual-Report-on-the-Community-Infrastructure-Levy-Collection-and-Spend-for-2018.pdf,,,2021-10-07,2018-01-01,
56b0efda3f6de0c7814b9e86479aa702e57f56dd10c7fac203eb26706ed8ef20,https://www.hertsmere.gov.uk/Documents/09-Planning--Building-Control/Planning-Policy/Infrastructure-and-delivery/Hertsmere-Borough-Council-Annual-Report-on-the-Community-Infrastructure-Levy.pdf,,,2021-10-07,2017-01-01,
ffc092b516f472b16145decf240675a3199df30d9629b5f324ae2f5fe902ff9f,https://www.hertsmere.gov.uk/Documents/09-Planning--Building-Control/Planning-Policy/Infrastructure-and-delivery/Infrastructure-Funding-Statement-2019-2020.pdf,,,2021-10-07,,
c97570f9393d2c3f422004bf89d0402cd640920e8c27cddd17a8c8226bdc4a0c,https://www.highpeak.gov.uk/media/6254/High-Peak-Infrastructure-Funding-Statement-2019---20/pdf/High_Peak_Infrastructure_Funding_Statement.pdf?m=1608107279743,,,2021-10-07,,
5b1d99712da8e130acbec3e4fbc3e06b3eeaf5014a67fa39af645c28a5f35ace,https://www.hillingdon.gov.uk/media/3064/London-Borough-of-Hillingdon-Community-Infrastructure-Levy-Annual-Report-2018-2019/pdf/LBH_CIL_Annual_Report_2018-19.pdf?m=1597844383777,,,2021-10-07,2019-03-31,
84695afd27212cf886692211154139a0e4fb0bcf9ec644836e640eefb6a9e43b,https://www.hillingdon.gov.uk/media/3065/London-Borough-of-Hillingdon-Community-Infrastructure-Levy-Annual-Report-2017-2018/pdf/LBH_CIL_Annual_Report_2017-18____Final.pdf?m=1597844403637,,,2021-10-07,2018-03-31,
fdfc2251542931a81591d966323552bf19dd36d01de289ebb3a7c704a870b94a,https://www.hillingdon.gov.uk/media/3066/London-Borough-of-Hillingdon-Community-Infrastructure-Levy-Annual-Report-2016-2017/pdf/LBH_CIL_Annual_Report_2016-17.pdf?m=1597844433490,,,2021-10-07,2017-03-31,
658fc4a39ed58f305dc7aa7fee3a65b0190e85469665a65b5a78ae1f6bdc6278,https://www.hillingdon.gov.uk/media/3067/London-Borough-of-Hillingdon-Community-Infrastructure-Levy-Annual-Report-2015-2016/pdf/LBH_CIL_Annual_Report_2015-16_Final_1_1.pdf?m=1597844473703,,,2021-10-07,2016-03-31,
089ffcd78ad81c3ffaa43342a8a7a66fabf7be3562bb203981b09a5a56683e2e,https://www.hillingdon.gov.uk/media/5268/Hillingdons-Infrastructure-Funding-Statement-2019-20/pdf/Infrastructure_Funding_Statement_2019_2020_publication_version.pdf?m=1614256047927,,,2021-10-07,,
308ea1c8ca803d5daece9a346a856e640ca6cacb0b757f4354ed66e148f5c55d,https://www.hinckley-bosworth.gov.uk/downloads/file/7380/infrastructure_funding_statement_2019_-_2020,,,2021-10-07,,
10c202033bada77261d74cf7232fc0ab9c8a42b310667590de539b4749149822,https://www.horsham.gov.uk/__data/assets/pdf_file/0009/93888/Infrastructure-Funding-Statement-2019-20.pdf,,,2021-10-07,,
701ab3580c2c61ba6f5ca3237f62cfa6db253a0116248456686565b0968f88d6,https://www.hull.gov.uk/sites/hull/files/media/Hull%20Infrastructure%20Funding%20Statement.pdf,,,2021-10-07,,
0879466b7fec84e5f178d2cf50cbf9058fcd37251a7f2cfc49b75affe2c0fc1a,https://www.huntingdonshire.gov.uk/media/4980/infrastructure-funding-statement-2019-20.pdf,,,2021-10-07,,
5ffa1a53b37fee7ab7fd93e3551df738a71d74eafbf57a4261780cbc35b0b9ce,https://www.iow.gov.uk/documentlibrary/download/infrastucture-funding-statement-2020,,,2021-10-07,,
277ecea1f541de103b16654927fdd67a5d8aac92e656bb7f3ea60a063512ccec,https://www.ipswich.gov.uk/sites/www.ipswich.gov.uk/files/infrastructure_funding_statement_2019-20.pdf,,,2021-10-07,,
006a45b593a03962463e446f2b307262111ffca242b03bfebf131d12c11e0ad4,https://www.kent.gov.uk/__data/assets/pdf_file/0010/116668/KCC-Infrastructure-Funding-Statement-2019-2020.pdf,,,2021-10-07,,
77ef947963d3f251663f5b6747dcfa30b278b25687f014e1b176662c0c737363,https://www.kettering.gov.uk/downloads/file/19796/infrastructure_funding_statement_2019-20,,,2021-10-07,,
cb56d6f28c2c9004a0a62fbf44f1c9319c1ee8b3b92e3d04bd274357a007d41e,https://www.kingston.gov.uk/downloads/file/531/infrastructure-funding-statement-01-apr-2019-to-31-march-2020-period-,,,2021-10-07,,
244925ef43ac055594afc22dc9c73c8bfe26f9afb20ff6d232979242deb5fe88,https://www.kirklees.gov.uk/beta/planning-policy/pdf/infrastructure-funding-statement-2020.pdf,,,2021-10-07,,
7f566cd881fc0dc85d724fb2f7f42296a2dcbe9c3f1c3fc9497727ee5cda52b9,https://www.knowsley.gov.uk/knowsleycouncil/media/Documents/S106-Infrastructure-Funding-Statement-2019-20.pdf,,,2021-10-07,,
c8caacaa53c479b55b1edd8969ef14d5ccf0dc3548242b2a6234d0727e11a76a,https://www.lbbd.gov.uk/sites/default/files/attachments/LBBD_IFS_2019-2020.pdf,,,2021-10-07,,
cb476afbb876d06468b51a3eae390e61039dbd7282ff63553d7a118533dc02a6,https://www.lbhf.gov.uk/sites/default/files/section_attachments/lbhf_2019_-20_infrastructure_funding_statement.pdf,,,2021-10-07,,
1a12a30f86f0eca7344d939a52d94728dc47a7bdefec0e63112cf9167cea7dc8,https://www.leeds.gov.uk/planning/community-infrastructure-levy/infrastructure-funding-statement,,,2021-10-07,,
aa47e9e42f6bd3f36b704cf2d81f6ace34ecdf4ffeb62b1e5eaab41feac50813,https://www.leicester.gov.uk/media/tiol2smt/infrastructure-funding-statement-2020-2021.pdf,,,2021-10-07,,
06504c79a74a5ffbdf2b865b61760dbf24102118099320efab5449846a1c7a45,https://www.leicester.gov.uk/media/tyoazi3g/lcc-infrastructure-funding-statement-2019-20.pdf,,,2021-10-07,,
5b9c17d3f7ffd940ecff9787781a1ee2b2871db723bff2173ae96d68159e7b8e,https://www.leicestershire.gov.uk/sites/default/files/field/pdf/2021/2/3/LCC_Infrastructure_Funding_Statement_2019-2020%20FINAL.pdf,,,2021-10-07,,
ef4c7aaa6d3a24ab851b53cb790c6569872e0f2208a7680350354c64e732c652,https://www.lewes-eastbourne.gov.uk/_resources/assets/inline/full/0/295069.pdf,,,2021-10-07,,
36b12ee9a0cb352b9ef947310a1802d056cc26e7814ebb9888c27d894c90e170,https://www.lewes-eastbourne.gov.uk/_resources/assets/inline/full/0/295338.pdf,,,2021-10-07,,
e49c1357c3fcc7748fbaf61beb8d9270daf59d3a35654cbd854a940655d6fcb1,https://www.lichfielddc.gov.uk/downloads/file/1917/infrastructure-funding-statement-2020,,,2021-10-07,,
ce803a5e25948f78cfa7c112c5062f5427809ebb5ac6ead11f4a4c1fe4f5d035,https://www.mybostonuk.com/wp-content/uploads/2020/12/Infrastructure-Funding-Statement-%E2%80%93-19-20.pdf,,,2021-10-07,,
f922fb0638543b2e10a2f862d6cd4f35a4f7bb71dd705a3f91c9d46f25910d3f,https://www.rbkc.gov.uk/media/document/infrastructure-funding-statement-december-2020,,,2021-10-07,,
bff453b5c76dc51a0b3046c4f12f9429ec21fa96eb3f52c609b152841140e080,https://www.rother.gov.uk/wp-content/uploads/2020/12/Infrastructure-Funding-Statement_2019-20_Final.pdf,,,2021-10-07,,
d3ada92df6db8fcfbef682ef4f114fa8c8e06641be3c210544afda36e1fd91ce,https://www.royalgreenwich.gov.uk/download/downloads/id/5046/infrastructure_funding_statement_2019-20.pdf,,,2021-10-07,,
ce97b278b6b2f855c166e61fec2396e8cbb8f321881a4d402c96303c7bd96334,https://www.southdowns.gov.uk/wp-content/uploads/2020/11/IBP-2020.pdf,,,2021-10-07,2020-01-10,
143b0a45cc1820c9a7379ebaaf8b7654cca269aed6dc389ea6afd4d5fced505d,https://www.southnorfolkandbroadland.gov.uk/downloads/file/3567/snc-cil-infrastructure-funding-statement-2019-2020,,,2021-10-07,,
ad08d49e3f178831c342360a1d8d6cdcd8a9d6dae49105c9f591d8a1dca6c647,https://www.southnorfolkandbroadland.gov.uk/downloads/file/3568/snc-infrastructure-funding-statement-s106-19-20,,,2021-10-07,,
2f828a84568c23486562ecfd764bddbe4f89d00c1ac906496aec0eaf80af1071,https://www.southnorfolkandbroadland.gov.uk/downloads/file/3577/cil-annual-report-1-april-2019-to-31-march-2020-cil-infrastructure-funding-statement-2019-2020-with-gngb-pages,,,2021-10-07,,
9c8179a2ee1a6f357b91a76bd3f61aede197ba425504730544e56b93d92ca0c3,https://www.southnorfolkandbroadland.gov.uk/downloads/file/3578/s106-infrastructure-funding-statement-2019-2020,,,2021-10-07,,
06c201ec324bdbfa4ddd41665fe88e1ec49853f48caf4ae2faa25da6f161cf5d,https://www.towerhamlets.gov.uk/Documents/Planning-and-building-control/Strategic-Planning/InfrastructureFundingStatement2019-20.pdf,,,2021-10-07,,
548fb69e737b59329f7ed27c120eb24b808265a1d6542a48a290ba5c67371254,https://www.uttlesford.gov.uk/media/8696/Infrastructure-Delivery-Plan-December-2018/pdf/Final_IDP_December_2018.pdf?m=636796217916730000,,,2021-10-07,2018-12-01,
87bea1d1f57fc89f6a241470727a941b0887d96850155222bd36f0dd00f3dc8e,https://www.waverley.gov.uk/Portals/0/Documents/services/planning-and-building/planning-strategies-and-policies/local-plan/IDP_web_version.pdf?ver=vWDynNgqeh3Z13kGMbt3xQ%3d%3d,,,2021-10-07,,
d30413eafe51ad768fa962002ef1b90c5d34678b6d616236d6248e87c7f3ebe6,https://www.wealden.gov.uk/UploadedFiles/IFS-Report-2020-Website-Version.pdf,,,2021-10-07,,
471b58185bf2b08f490a00898a4ce4fa01d82fab84775721d3412f3ab006ffa0,https://www.west-norfolk.gov.uk/download/downloads/id/2963/cil_annual_financial_report.pdf,,,2021-10-07,2017-12-31,
c13b1ec7767e1d8d81011bb100ed125cc23c75730a0a74b911860db0bf72df2c,https://www.west-norfolk.gov.uk/download/downloads/id/5222/cil_annual_financial_report_2017-2018.pdf,,,2021-10-07,2018-12-31,
0361ecdc4ae9068421f26514c9cb4a09ef237d6500a6d5cb34fc5c8f6e4e65ee,https://www.west-norfolk.gov.uk/download/downloads/id/5822/cil_annual_financial_report_2018-2019.pdf,,,2021-10-07,2019-12-31,
1f1cd2dba43c064b5e3ebae59e2e0119545f2e873030079b6a2098c41d5a78cb,https://www.west-norfolk.gov.uk/download/downloads/id/6273/cil_annual_financial_report_2019-2020.pdf,,,2021-10-07,2020-12-31,
a0f121b413e9fa283d50308bd6c2c5a1363f3108fbf9a1d75326bb537e67e419,https://www.westsuffolk.gov.uk/planning/Planning_Policies/upload/Annual-Infrastructure-Funding-Statement-2019-to-2020-final-version.pdf,,,2021-10-07,,
c7f9c57f7278388b3889316becd3503ac4ebe8f54d653e8c7e13b01e9e8ade61,https://www.westsussex.gov.uk/roads-and-travel/information-for-developers/section-106-planning-obligations/#infrastructure-funding-statement,,,2021-10-07,,
f1ac13636ccd14461d754556692ecdec6e14da1ef9db9d5e9cd980b059ca56e0,https://www.whitehorsedc.gov.uk/wp-content/uploads/sites/3/2021/03/CIL1.8-Infrastructure-Funding-Gap-Statement.pdf,,,2021-10-07,,
e3b0c44298fc1c149afbf4c8996fb92427ae41e4649b934ca495991b7852b855,,,,2021-10-07,,
988c5b1794ccc7dd17e0d1fdb54a929c24bc7e431ee5dd6832402b9c702d8f6b,https://www.dover.gov.uk/Planning/Planning-Policy-and-Regeneration/PDF/Final-Infrastructure-Funding-Statement-20-21.pdf,,,2021-11-05,2021-11-05,
d10c9433f20c1c174abca6b42e7b5c8b839c002f396d9aa1dba3bf2fe7a94a78,https://www.harborough.gov.uk/download/downloads/id/6972/2020-21_infrastructure_funding_statement_dated_pdf.pdf,,,2021-12-31T11:11:21:11Z,,
c2800f5eddb8042eee5901688ab0093e0d275e11ba1b76d7ce288094b8b41809,https://www.southlakeland.gov.uk/media/7778/ifs-2020-21-accessible-clean-version-final.pdf,,,2021-12-31T11:11:21:14Z,,
6b4d7c8ecc7d9a5054afdda331d79ce5f26ed77f6ffb7876ad9edc59fdc647e6,https://www.suffolk.gov.uk/assets/planning-waste-and-environment/planning-and-development-advice/S106-Planning-Obligations/SCC-Infrastructure-Funding-Statement-2020-2021-Final.pdf,,,2021-12-31T11:11:21:17Z,,
4fc6709406783acb9def622f000d64352bbc87c6771a45266974e63dde8064f0,https://www.cherwell.gov.uk/download/downloads/id/9863/infrastructure-funding-statement-2019-20.pdf,,,2021-12-31T11:11:21:19Z,,
a116f8120f3e3088df5b5f81dd67d2052f848067a407d7358254dbfcf434349e,https://www.ipswich.gov.uk/sites/www.ipswich.gov.uk/files/infrastructure_statement_apr_20-mar_21.pdf,,,2021-12-31T11:11:21:22Z,,
dac6045d0bfccf579ae4a9fcd83990c28e7c01f386830eaa33b4d7bd09b9b651,https://www.bromsgrove.gov.uk/media/29082178/bdc-ifs-2020-21-final.pdf,,,2021-12-31T11:11:21:24Z,,
45f300b4a581c6877030dbe874221858846111f0330a50e3d3fee126222ac2a2,https://www.redditchbc.gov.uk/media/29082179/rbc-ifs-2020-21-final.pdf,,,2021-12-31T11:11:21:27Z,,
fe7e94dc076bfc9fa05b563cdc99cb16cf30eb40fed3ff2d8e930d001a4560eb,https://www.coventry.gov.uk/download/downloads/id/37478/infrastructure_funding_statement_2020-21.pdf,,,2021-12-31T11:11:21:29Z,,
9fb16edabe4c548104ebb277d2f20ba23c905d185172695329ac4ddad5070c2f,https://www.coventry.gov.uk/download/downloads/id/34938/infrastructure_funding_statement_2020.pdf,,,2021-12-31T11:11:21:32Z,,
7e3e9957402790d85c1f0dcc7cc2bb9fd4e14d949f7575694e9e6c0fac7b7f51,https://tunbridgewells.gov.uk/__data/assets/pdf_file/0009/406926/Infrastructure-Funding-Statement-2020_21Accessible__v4.pdf,,,2021-12-31T11:11:21:38Z,,
866843158e425d2edf971141e0f017a2fbf14f49a9de602535be2424c992a00c,https://tunbridgewells.gov.uk/__data/assets/pdf_file/0012/381999/Infrastructure-Funding-Statement-2019_20-accessible.pdf,,,2021-12-31T11:11:21:52Z,,
d14e52ad200600c2fd38e39b3e879eda769690978498a1ba41200322eca601ce,https://www.bolton.gov.uk/downloads/file/3212/infrastructure-funding-statement,,,2021-12-31T11:11:21:55Z,,
274f98086852e74191da50eb718d02d4443a5836e6b221ac5edb715574486114,https://www.bolton.gov.uk/downloads/file/4045/infrastructure-funding-statement-2019-20,,,2021-12-31T11:11:21:58Z,,
8c70185d3821e40c4a4f985883bd8fe235d3aac78a76e398ae3961c44338b7c0,https://www.suffolk.gov.uk/assets/planning-waste-and-environment/planning-and-development-advice/S106-Planning-Obligations/SCC-Infrastructure-Funding-Statement-2019-2020-.pdf,,,2021-12-31T11:11:22:00Z,,
bbb641f7425d5ee67a1543814cdb1ee8f83559af44a6d637064eeffe56dd5e8b,https://m.northlincs.gov.uk/public/s106/documents/Infrastructure%20Funding%20Statement%202020.21.pdf,,,2021-12-31T11:11:22:03Z,,
8e70de0fd9520a3d57528acc5572b6ca78c0118409c625c94258414af5c89bda,https://www.northlincs.gov.uk/wp-content/uploads/2020/12/Infrastructure-Funding-Statement-2019.2020-a.pdf,,,2021-12-31T11:11:22:05Z,,
5c312d8d3fbcdfbb43ea253b1829ab1b029c1524bf5ee1e32c4db129ca99825e,https://www.dartmoor.gov.uk/__data/assets/pdf_file/0012/410124/DNPA_Infrastructure_Funding_Statement_2020-21.pdf,,,2021-12-31T11:11:22:08Z,,
42674a7c0987bb311f99bb08b6aed3a3891fbc584818bad9113ef2bcfb8e57e2,https://www.dartmoor.gov.uk/__data/assets/pdf_file/0023/374423/IFS-FINAL-19-20.pdf,,,2021-12-31T11:11:22:10Z,,
7d5974dbdd3f844cac19ac06419921a7b5719704a1f934322e3dfeeda261a930,https://www.hart.gov.uk/sites/default/files/4_The_Council/Policies_and_published_documents/Planning_policy/IFS%202020%20Jan%2021%20Final.pdf,,,2021-12-31T11:11:22:13Z,,
c450f3c97f17212a8060a3579f6fcc3f6710a227fa153da7ba7b810482b77a70,https://www.hart.gov.uk/sites/default/files/4_The_Council/Policies_and_published_documents/Planning_policy/Final%20version%202%20corrected%20IFS%2020-21_1.pdf,,,2021-12-31T11:11:22:15Z,,
b01ad5b74cd28e4ca2b0cb275d7ac3a6d6472eeaedb18adcda45a20103bde6c3,https://www.newark-sherwooddc.gov.uk/media/nsdc-redesign/documents-and-images/your-council/planning-policy/other-planning-policy-information/infrastructure-to-support-growth/ifs-docs-2020x2f2021/Infrastructure-Funding-Statement-2021-cover-combined.pdf,,,2021-12-31T11:11:22:18Z,,
af2ab1e04971fd8da37a76d0859d4ba6149f58e1755b5cb1d3b4932345362e89,https://www.newark-sherwooddc.gov.uk/media/newark-and-sherwood/images-and-files/business/pdf/Infrastructure-Funding-Statement-2020.pdf,,,2021-12-31T11:11:22:20Z,,
3f71fd38f777ec059d0eca3fdfaf2310cfd41d636ab4927f69c596f1dc93cceb,https://www.west-norfolk.gov.uk/download/downloads/id/6994/bcklwn_infrastructure_funding_statement_fy2021.pdf,,,2021-12-31T11:11:22:23Z,,
aa2166dbb7a92e07a5a5c223e1b03375df334c00f17f21915843f7a0aedf7782,https://www.west-norfolk.gov.uk/download/downloads/id/6273/bcklwn_infrastructure_funding_statement_fy1920.pdf,,,2021-12-31T11:11:22:26Z,,
201b4099c5b8d9300d75c405a5b3c2e688fa2dc85cf5c19c74cf33c7a4285889,https://exeter.gov.uk/media/5869/211216_annual-infrastructure-funding-statement-2021_final.pdf,,,2021-12-31T11:11:22:28Z,,
a5bc74dc89c00066f2dd49bc92365c41d9e9db2e4ab682d244b030496b47e267,https://exeter.gov.uk/media/5428/201231-ecc-annual-infrastructure-funding-statement.pdf,,,2021-12-31T11:11:22:30Z,,
460f5685086d7925af373c700be4dd37024fe8b8780b07fb5cd3fe6b0848c07f,https://www.easthants.gov.uk/infrastructure-funding-statement-year-ending-31-march-2021-pdf-345-kb,,,2021-12-31T11:11:22:33Z,,
439d874b5d10ff265685aa347e0b2b8e9728459e4ee0fed1663edbc082613a38,https://www.easthants.gov.uk/interim-infrastructure-funding-statement-year-ending-31-march-2020-pdf-271-kb,,,2021-12-31T11:11:22:35Z,,
f804741e2c88b7e3caade7444b14d91d05ed82df3b7eb06420947d22dcd2bdb8,https://www.oadby-wigston.gov.uk/files/documents/infrastructure_funding_statement_202021/Infrastructure%20Funding%20Statement%202020-2021%20FINAL.pdf,,,2021-12-31T11:11:22:38Z,,
48a948926953e43f0c102a69ed2a5aa0b4522276b82c265fcbb912e1b4ba3e2b,https://www.oadby-wigston.gov.uk/files/documents/infrastructure_funding_statement_201920/Infrastructure%20Funding%20Statement%202019-20.pdf,,,2021-12-31T11:11:22:40Z,,
d163d47e30235a5a308d06f2498dfd98e99c987fd29cf7301c3794e5905100a0,https://www.somersetwestandtaunton.gov.uk/media/3018/cil-annual-report-2020-21.pdf,,,2021-12-31T11:11:22:43Z,,
fa5db433020e09894b20be4054f0d31640441f5e63d403c5483f586c1a1dc2bd,https://www.dover.gov.uk/Planning/Planning-Policy-and-Regeneration/PDF/Amended-Final-IFS-20.21.pdf,,,2021-12-31T11:11:22:46Z,,
97bbde7d1dff8a2223c581ee5f19427fc9bfad6340a16751c81b3cda7b43c7fe,https://www.chichester.gov.uk/media/36359/Infrastructure-Funding-Statement-2020-2021/doc/Infrastructure_Funding_Statement_2020-2021.docx,,,2021-12-31T11:11:22:48Z,,
eba1f944751ddbcd6423dba420446ef1c3fbfefde6b4b4fb9ff869f0970b56aa,https://www.chichester.gov.uk/media/34387/Infrastructure-Funding-Statement-2019-2020/doc/Infrastructure_Funding_Statement_2019-20.docx,,,2021-12-31T11:11:22:51Z,,
a6d9b8c41d059ab14076d1d4c3566b5a499c6b6d942b39f4d27ecabd320b24fa,https://www.gateshead.gov.uk/media/23682/Gateshead-Infrastructure-Funding-Statement-2020-21/pdf/Infrastructure_Funding_Statement_2020_211.pdf?m=637756857601100000,,,2021-12-31T11:11:22:53Z,,
fb219399f075edab1625632e7cee8a18b35d93821db45dc58ccff7c38de589ec,https://www.tmbc.gov.uk/downloads/file/1443/tmbc-infrastructure-funding-statement-2020,,,2021-12-31T11:11:22:56Z,,
5c309afd1ea2267577faf3667ebdf9060e731fe2891e09d845d7426373ccdd4d,https://www.rugby.gov.uk/download/downloads/id/2737/annual_infrastructure_funding_statement_20192020.pdf,,,2021-12-31T11:11:22:58Z,,
0127ed91df27762575e03d16b355b6c32e3b0743e447c534e4acf46c51f6e9ac,https://cdn-eastherts.onwebcurl.com/s3fs-public/2020-12/East%20Herts%20Council%20Annual%20Infrastructure%20Funding%20Statement%202019-2020%20-%20web%20version.pdf,,,2021-12-31T11:11:23:01Z,,
f02c2da383ef117a27df94da7687b25cea5de2ceecfeae67396ebe6e02b07ffb,https://cdn-eastherts.onwebcurl.com/s3fs-public/2021-11/EHC%20Annual%20Infrastructure%20Funding%20Statement%202020-21%2030.11.21.pdf,,,2021-12-31T11:11:23:04Z,,
56cfafdfa80ac2c6797ba7b1797601d2a1300fd1c094ce69ce921e6dbc6addd6,https://www.newforestnpa.gov.uk/app/uploads/2021/12/NFNPA-Infrastructure-Funding-Statement-December-2021_FINAL.pdf,,,2021-12-31T11:11:23:06Z,,
60fc33a9f11f98f7ba5d8db75f5a3024e3d818085bc71745e37b3a33a9d941d2,https://www.southhams.gov.uk/media/6674/Infrastructure-Funding-Statement-2020-21/pdf/SHDC_IFS_-_Submission_version.pdf?m=637750876011500000,,,2021-12-31T11:11:23:09Z,,
eafe11c1f0589db0efe3382e8fc1e6551c8511f2d489b86ff30b0d7cdcc1f32f,https://www.westdevon.gov.uk/media/6678/Infrastructure-Funding-Statement-2020-21/pdf/WDBC_IFS_-_Submission_version.pdf?m=637750878301070000,,,2021-12-31T11:11:23:12Z,,
d842e3771a4b8542bb1fb18d8bea8a44057729b0e51d7d31ef4abe58c197d0df,https://www.southnorthants.gov.uk/download/downloads/id/7146/infrastructure-funding-statement-march-2020.pdf,,,2021-12-31T11:11:23:14Z,,
409368d3d33f68660b180ca9e728b630b51c8433849095e8d2e6a703fd2cc09f,https://sunderland.gov.uk/article/20031/Infrastructure-Funding-Statement-2019-20-PDF,,,2021-12-31T11:11:23:17Z,,
4942845967080560fbe755855a36ed3963c7399bf56fddce7efc9d4ac39b4636,https://sunderland.gov.uk/article/17802/Infrastructure-Funding-Statement-2020-21-PDF,,,2021-12-31T11:11:23:19Z,,
